tract_geoid,majority_race,poverty_cat,community,aggregate_pct,public_pct,mission_pct,small_biz_pct,nonres_pct,SF_pct,MF_pct
17031010100,no racial majority,Over 31% Poverty,ROGERS PARK,51,63,60,1,50,67,85
17031010201,no racial majority,Over 31% Poverty,ROGERS PARK,28,31,40,71,18,59,65
17031010202,no racial majority,21-31% Poverty,ROGERS PARK,71,62,89,35,76,61,53
17031010300,no racial majority,12-20% Poverty,ROGERS PARK,52,70,14,36,65,52,66
17031010400,white,21-31% Poverty,ROGERS PARK,55,43,41,41,5,63,83
17031010501,no racial majority,12-20% Poverty,ROGERS PARK,30,1,3,89,87,65,57
17031010502,white,Over 31% Poverty,ROGERS PARK,29,74,34,52,78,67,38
17031010503,white,Over 31% Poverty,ROGERS PARK,61,71,69,15,92,48,67
17031010600,white,21-31% Poverty,ROGERS PARK,57,76,23,81,72,70,77
17031010701,no racial majority,12-20% Poverty,ROGERS PARK,31,1,21,87,19,51,54
17031010702,no racial majority,21-31% Poverty,ROGERS PARK,45,63,58,65,25,56,68
17031020100,no racial majority,12-20% Poverty,WEST RIDGE,38,44,17,19,8,34,70
17031020200,no racial majority,12-20% Poverty,WEST RIDGE,61,51,12,89,42,58,87
17031020301,white,12-20% Poverty,WEST RIDGE,35,44,5,53,21,47,12
17031020302,white,12-20% Poverty,WEST RIDGE,48,24,11,79,41,47,74
17031020400,no racial majority,12-20% Poverty,WEST RIDGE,41,54,3,18,84,46,68
17031020500,no racial majority,21-31% Poverty,WEST RIDGE,38,22,37,44,71,41,67
17031020601,white,Over 31% Poverty,WEST RIDGE,39,23,4,74,62,49,54
17031020602,no racial majority,21-31% Poverty,WEST RIDGE,99,57,70,62,97,61,73
17031020701,white,0-11% Poverty,WEST RIDGE,70,66,25,75,37,58,81
17031020702,no racial majority,21-31% Poverty,WEST RIDGE,56,42,57,85,84,53,39
17031020801,no racial majority,12-20% Poverty,WEST RIDGE,38,58,22,65,50,51,54
17031020802,no racial majority,Over 31% Poverty,WEST RIDGE,59,70,45,78,61,58,60
17031020901,no racial majority,21-31% Poverty,WEST RIDGE,34,46,53,27,60,42,71
17031020902,no racial majority,21-31% Poverty,WEST RIDGE,60,36,18,66,65,14,25
17031030101,no racial majority,12-20% Poverty,EDGEWATER,53,42,13,11,90,43,58
17031030102,no racial majority,12-20% Poverty,EDGEWATER,62,46,11,23,82,58,67
17031030103,white,12-20% Poverty,EDGEWATER,39,60,1,70,36,51,56
17031030104,white,21-31% Poverty,EDGEWATER,32,68,7,43,33,29,55
17031030200,white,12-20% Poverty,EDGEWATER,72,57,83,54,74,76,70
17031030300,no racial majority,21-31% Poverty,EDGEWATER,48,53,25,52,81,62,76
17031030400,white,0-11% Poverty,EDGEWATER,79,65,40,62,82,86,79
17031030500,white,0-11% Poverty,EDGEWATER,63,27,17,88,58,74,74
17031030601,no racial majority,12-20% Poverty,EDGEWATER,37,24,73,49,68,44,56
17031030603,no racial majority,12-20% Poverty,EDGEWATER,34,91,32,26,58,50,63
17031030604,no racial majority,21-31% Poverty,EDGEWATER,15,1,7,12,1,42,37
17031030701,no racial majority,21-31% Poverty,EDGEWATER,55,54,20,51,52,71,54
17031030702,white,12-20% Poverty,EDGEWATER,17,1,12,97,3,32,1
17031030703,white,21-31% Poverty,EDGEWATER,45,43,23,34,23,72,60
17031030706,white,0-11% Poverty,EDGEWATER,33,1,5,40,68,45,41
17031030800,white,0-11% Poverty,EDGEWATER,77,60,37,36,75,82,80
17031030900,white,0-11% Poverty,EDGEWATER,97,31,70,28,97,81,57
17031031000,white,0-11% Poverty,UPTOWN,78,58,43,72,47,84,89
17031031100,white,0-11% Poverty,UPTOWN,72,45,84,42,45,82,93
17031031200,no racial majority,21-31% Poverty,UPTOWN,74,93,70,41,79,73,77
17031031300,no racial majority,21-31% Poverty,UPTOWN,43,56,14,47,77,56,36
17031031400,white,12-20% Poverty,UPTOWN,50,79,16,53,19,53,60
17031031501,no racial majority,Over 31% Poverty,UPTOWN,53,73,76,37,87,75,52
17031031502,no racial majority,Over 31% Poverty,UPTOWN,65,75,26,18,94,78,82
17031031700,white,21-31% Poverty,UPTOWN,69,79,42,88,82,82,66
17031031800,white,0-11% Poverty,UPTOWN,79,78,43,41,33,83,96
17031031900,white,0-11% Poverty,UPTOWN,75,55,4,75,46,85,81
17031032100,white,21-31% Poverty,UPTOWN,59,1,45,57,41,79,69
17031040100,white,0-11% Poverty,LINCOLN SQUARE,89,1,41,61,89,83,90
17031040201,white,0-11% Poverty,LINCOLN SQUARE,66,86,81,64,21,81,52
17031040202,no racial majority,12-20% Poverty,LINCOLN SQUARE,45,37,26,88,81,65,49
17031040300,white,0-11% Poverty,LINCOLN SQUARE,65,1,73,28,71,61,18
17031040401,white,0-11% Poverty,LINCOLN SQUARE,75,38,58,62,66,83,82
17031040402,white,0-11% Poverty,LINCOLN SQUARE,78,38,42,69,91,84,91
17031040600,white,0-11% Poverty,LINCOLN SQUARE,81,92,75,49,70,85,88
17031040700,white,0-11% Poverty,LINCOLN SQUARE,75,63,48,82,70,83,78
17031040800,white,0-11% Poverty,LINCOLN SQUARE,72,78,52,100,11,79,91
17031040900,white,0-11% Poverty,LINCOLN SQUARE,75,59,26,92,37,87,74
17031050100,white,0-11% Poverty,NORTH CENTER,81,67,66,62,53,87,86
17031050200,white,0-11% Poverty,NORTH CENTER,97,58,36,79,96,89,46
17031050300,white,0-11% Poverty,NORTH CENTER,80,52,21,63,37,89,64
17031050500,white,0-11% Poverty,NORTH CENTER,85,30,62,84,79,90,90
17031050600,white,0-11% Poverty,NORTH CENTER,87,57,43,68,20,92,54
17031050700,white,0-11% Poverty,NORTH CENTER,81,2,15,70,36,86,70
17031050800,white,0-11% Poverty,NORTH CENTER,85,2,93,81,13,97,98
17031050900,white,0-11% Poverty,NORTH CENTER,81,42,85,88,76,92,97
17031051000,white,0-11% Poverty,NORTH CENTER,83,2,76,77,38,91,51
17031051100,white,0-11% Poverty,NORTH CENTER,90,2,89,85,20,100,86
17031051200,white,0-11% Poverty,NORTH CENTER,86,2,83,93,13,100,94
17031051300,white,0-11% Poverty,NORTH CENTER,92,2,34,87,44,97,94
17031051400,white,12-20% Poverty,NORTH CENTER,86,30,59,74,30,94,31
17031060100,white,0-11% Poverty,LAKE VIEW,80,2,24,71,16,90,72
17031060200,white,12-20% Poverty,LAKE VIEW,81,52,29,75,25,89,89
17031060300,white,0-11% Poverty,LAKE VIEW,82,2,50,41,31,90,90
17031060400,white,0-11% Poverty,LAKE VIEW,100,3,57,87,100,96,97
17031060500,white,21-31% Poverty,LAKE VIEW,77,3,96,90,40,100,40
17031060800,white,0-11% Poverty,LAKE VIEW,56,3,2,47,81,59,66
17031060900,white,0-11% Poverty,LAKE VIEW,46,38,10,80,53,67,55
17031061000,white,12-20% Poverty,LAKE VIEW,86,86,41,36,80,93,94
17031061100,white,0-11% Poverty,LAKE VIEW,100,3,43,95,98,87,68
17031061200,white,0-11% Poverty,LAKE VIEW,80,3,84,78,24,93,92
17031061500,white,0-11% Poverty,LAKE VIEW,79,3,91,88,49,92,82
17031061800,white,0-11% Poverty,LAKE VIEW,85,3,1,14,94,80,99
17031061901,white,0-11% Poverty,LAKE VIEW,58,3,57,68,43,76,76
17031061902,white,0-11% Poverty,LAKE VIEW,46,4,6,39,86,73,47
17031062000,white,0-11% Poverty,LAKE VIEW,82,4,68,53,80,90,84
17031062100,white,12-20% Poverty,LAKE VIEW,88,26,56,49,73,88,99
17031062200,white,12-20% Poverty,LAKE VIEW,89,91,48,91,57,98,96
17031062300,white,0-11% Poverty,LAKE VIEW,89,4,60,77,45,96,98
17031062400,white,0-11% Poverty,LAKE VIEW,94,85,64,90,91,96,80
17031062500,white,12-20% Poverty,LAKE VIEW,92,4,23,72,46,96,79
17031062600,white,0-11% Poverty,LAKE VIEW,96,4,56,76,83,98,62
17031062700,white,0-11% Poverty,LAKE VIEW,91,31,90,73,26,100,68
17031062800,white,0-11% Poverty,LAKE VIEW,89,4,79,86,44,99,94
17031062900,white,0-11% Poverty,LAKE VIEW,84,4,27,73,48,95,91
17031063000,white,0-11% Poverty,LAKE VIEW,93,38,22,29,70,89,96
17031063100,white,0-11% Poverty,LAKE VIEW,92,30,61,78,84,88,98
17031063200,white,0-11% Poverty,LAKE VIEW,54,4,24,67,28,71,74
17031063301,white,12-20% Poverty,LAKE VIEW,62,5,3,17,92,81,60
17031063302,white,0-11% Poverty,LAKE VIEW,64,5,1,51,15,74,87
17031063303,white,0-11% Poverty,LAKE VIEW,47,5,1,37,56,65,1
17031063400,white,0-11% Poverty,LAKE VIEW,91,5,54,27,86,89,96
17031070101,white,12-20% Poverty,LINCOLN PARK,37,5,9,61,26,68,15
17031070102,white,0-11% Poverty,LINCOLN PARK,83,43,43,57,69,99,74
17031070103,white,0-11% Poverty,LINCOLN PARK,66,5,6,68,63,88,93
17031070200,white,0-11% Poverty,LINCOLN PARK,83,5,84,74,20,91,92
17031070300,white,0-11% Poverty,LINCOLN PARK,92,5,41,70,51,98,99
17031070400,white,0-11% Poverty,LINCOLN PARK,88,6,95,83,62,99,57
17031070500,white,0-11% Poverty,LINCOLN PARK,96,6,77,95,82,100,81
17031070600,white,0-11% Poverty,LINCOLN PARK,94,6,82,58,66,97,89
17031070700,white,12-20% Poverty,LINCOLN PARK,88,6,34,77,24,96,61
17031071000,white,0-11% Poverty,LINCOLN PARK,91,6,97,75,50,100,86
17031071100,white,0-11% Poverty,LINCOLN PARK,94,6,96,72,39,97,99
17031071200,white,12-20% Poverty,LINCOLN PARK,95,47,80,31,49,95,77
17031071300,white,0-11% Poverty,LINCOLN PARK,85,6,57,79,62,90,95
17031071400,white,12-20% Poverty,LINCOLN PARK,68,55,12,58,36,79,67
17031071500,white,0-11% Poverty,LINCOLN PARK,73,6,40,48,80,82,39
17031071600,white,0-11% Poverty,LINCOLN PARK,91,7,95,95,4,99,55
17031071700,white,0-11% Poverty,LINCOLN PARK,83,7,1,44,61,90,47
17031071800,white,0-11% Poverty,LINCOLN PARK,90,7,89,74,49,95,79
17031080100,white,0-11% Poverty,NEAR NORTH SIDE,66,7,36,24,61,77,53
17031080201,white,0-11% Poverty,NEAR NORTH SIDE,58,64,6,45,46,70,28
17031080202,white,0-11% Poverty,NEAR NORTH SIDE,69,7,13,73,62,73,30
17031080300,white,0-11% Poverty,NEAR NORTH SIDE,85,44,81,7,65,83,81
17031080400,black,12-20% Poverty,NEAR NORTH SIDE,87,88,39,100,89,91,97
17031081000,white,12-20% Poverty,NEAR NORTH SIDE,70,7,38,41,42,79,85
17031081100,white,12-20% Poverty,NEAR NORTH SIDE,78,52,96,51,32,88,75
17031081201,white,0-11% Poverty,NEAR NORTH SIDE,97,7,78,45,76,83,30
17031081202,white,0-11% Poverty,NEAR NORTH SIDE,83,22,39,71,51,81,41
17031081300,white,12-20% Poverty,NEAR NORTH SIDE,76,7,20,44,20,69,52
17031081401,white,12-20% Poverty,NEAR NORTH SIDE,96,35,16,17,21,74,78
17031081402,white,12-20% Poverty,NEAR NORTH SIDE,82,8,17,44,42,81,88
17031081403,white,12-20% Poverty,NEAR NORTH SIDE,85,34,13,63,50,80,14
17031081500,white,0-11% Poverty,NEAR NORTH SIDE,98,69,59,35,52,88,59
17031081600,white,0-11% Poverty,NEAR NORTH SIDE,87,8,5,30,65,80,64
17031081700,white,0-11% Poverty,NEAR NORTH SIDE,99,67,92,72,69,89,75
17031081800,white,0-11% Poverty,NEAR NORTH SIDE,98,60,57,64,73,89,61
17031081900,white,12-20% Poverty,NEAR NORTH SIDE,96,19,4,97,100,96,20
17031090100,white,0-11% Poverty,EDISON PARK,58,8,7,7,10,67,43
17031090200,white,0-11% Poverty,EDISON PARK,65,8,14,55,67,66,48
17031090300,white,0-11% Poverty,EDISON PARK,77,8,6,39,17,68,100
17031100100,white,0-11% Poverty,NORWOOD PARK,51,8,7,45,13,62,68
17031100200,white,0-11% Poverty,NORWOOD PARK,69,21,9,83,69,65,43
17031100300,white,0-11% Poverty,NORWOOD PARK,51,89,7,21,19,66,17
17031100400,white,0-11% Poverty,NORWOOD PARK,64,30,4,12,3,60,46
17031100500,white,0-11% Poverty,NORWOOD PARK,56,25,2,8,23,60,15
17031100600,white,0-11% Poverty,NORWOOD PARK,57,8,21,69,15,64,53
17031100700,white,0-11% Poverty,NORWOOD PARK,51,8,3,1,26,60,1
17031110100,white,0-11% Poverty,JEFFERSON PARK,61,54,17,81,27,68,65
17031110200,white,0-11% Poverty,JEFFERSON PARK,69,74,29,54,55,53,29
17031110300,white,12-20% Poverty,JEFFERSON PARK,49,9,16,58,18,60,14
17031110400,white,0-11% Poverty,JEFFERSON PARK,48,9,60,3,59,56,32
17031110501,white,0-11% Poverty,JEFFERSON PARK,46,51,10,34,33,59,84
17031110502,white,0-11% Poverty,JEFFERSON PARK,52,67,63,84,11,64,59
17031120100,white,0-11% Poverty,FOREST GLEN,72,9,7,71,10,72,62
17031120200,white,0-11% Poverty,FOREST GLEN,76,9,53,4,46,70,27
17031120300,white,0-11% Poverty,FOREST GLEN,73,50,27,68,8,72,82
17031120400,white,0-11% Poverty,FOREST GLEN,74,35,19,70,85,64,1
17031130100,white,12-20% Poverty,NORTH PARK,72,59,43,79,67,57,1
17031130200,white,0-11% Poverty,NORTH PARK,86,90,56,64,52,65,1
17031130300,no racial majority,21-31% Poverty,NORTH PARK,34,38,9,62,28,52,51
17031140100,no racial majority,12-20% Poverty,ALBANY PARK,49,41,71,57,72,59,81
17031140200,no racial majority,21-31% Poverty,ALBANY PARK,49,89,68,67,24,64,77
17031140301,latine,21-31% Poverty,ALBANY PARK,45,60,32,30,79,56,72
17031140302,no racial majority,12-20% Poverty,ALBANY PARK,32,59,15,15,16,55,57
17031140400,no racial majority,0-11% Poverty,ALBANY PARK,63,76,46,61,65,56,37
17031140500,no racial majority,0-11% Poverty,ALBANY PARK,44,51,40,91,35,54,75
17031140601,no racial majority,12-20% Poverty,ALBANY PARK,47,41,32,89,71,63,34
17031140602,latine,21-31% Poverty,ALBANY PARK,36,9,30,14,41,66,79
17031140701,no racial majority,12-20% Poverty,ALBANY PARK,55,82,39,81,61,70,74
17031140702,latine,12-20% Poverty,ALBANY PARK,36,40,30,52,28,69,55
17031140800,no racial majority,12-20% Poverty,ALBANY PARK,63,56,24,63,58,76,75
17031150200,white,12-20% Poverty,PORTAGE PARK,50,75,17,9,44,61,71
17031150300,white,0-11% Poverty,PORTAGE PARK,50,43,22,55,49,63,40
17031150401,white,0-11% Poverty,PORTAGE PARK,37,24,12,33,3,62,30
17031150402,white,0-11% Poverty,PORTAGE PARK,48,68,14,40,15,61,62
17031150501,white,0-11% Poverty,PORTAGE PARK,41,9,47,50,18,55,44
17031150502,white,0-11% Poverty,PORTAGE PARK,42,62,32,36,40,57,64
17031150600,no racial majority,0-11% Poverty,PORTAGE PARK,54,9,18,42,60,60,66
17031150700,no racial majority,12-20% Poverty,PORTAGE PARK,57,85,37,56,85,54,85
17031150800,no racial majority,0-11% Poverty,PORTAGE PARK,54,78,20,50,54,63,85
17031151001,latine,0-11% Poverty,PORTAGE PARK,27,60,28,72,15,56,50
17031151002,latine,0-11% Poverty,PORTAGE PARK,51,26,72,54,37,61,71
17031151100,latine,12-20% Poverty,PORTAGE PARK,48,70,11,60,73,60,62
17031151200,no racial majority,0-11% Poverty,PORTAGE PARK,53,64,8,28,19,53,33
17031160100,no racial majority,0-11% Poverty,IRVING PARK,57,36,8,75,50,67,55
17031160200,white,0-11% Poverty,IRVING PARK,82,75,34,98,43,76,84
17031160300,white,0-11% Poverty,IRVING PARK,50,29,17,94,55,60,65
17031160400,no racial majority,12-20% Poverty,IRVING PARK,64,43,74,69,25,72,81
17031160501,latine,0-11% Poverty,IRVING PARK,64,83,60,74,93,74,55
17031160502,latine,12-20% Poverty,IRVING PARK,56,90,37,92,57,72,75
17031160601,no racial majority,0-11% Poverty,IRVING PARK,59,45,35,86,43,77,50
17031160602,no racial majority,0-11% Poverty,IRVING PARK,63,75,41,66,80,79,40
17031160700,no racial majority,0-11% Poverty,IRVING PARK,66,53,75,57,42,76,74
17031160800,latine,0-11% Poverty,IRVING PARK,54,9,33,70,49,69,84
17031160900,white,12-20% Poverty,IRVING PARK,71,85,46,42,40,77,66
17031161000,white,0-11% Poverty,IRVING PARK,79,10,88,83,81,77,82
17031161100,white,0-11% Poverty,IRVING PARK,79,70,84,46,25,82,42
17031161200,latine,0-11% Poverty,IRVING PARK,67,39,29,55,60,59,19
17031161300,latine,0-11% Poverty,IRVING PARK,66,46,25,47,68,66,83
17031170100,white,0-11% Poverty,DUNNING,52,95,2,34,13,41,1
17031170200,white,0-11% Poverty,DUNNING,39,10,9,15,28,49,63
17031170300,white,0-11% Poverty,DUNNING,79,10,45,45,88,57,34
17031170400,white,12-20% Poverty,DUNNING,49,20,18,67,22,59,59
17031170500,white,0-11% Poverty,DUNNING,39,10,3,67,16,53,24
17031170600,white,0-11% Poverty,DUNNING,33,10,12,23,8,48,22
17031170700,white,0-11% Poverty,DUNNING,36,10,17,51,4,50,24
17031170800,white,0-11% Poverty,DUNNING,42,22,30,40,12,55,29
17031170900,no racial majority,0-11% Poverty,DUNNING,41,10,14,56,20,58,45
17031171000,white,0-11% Poverty,DUNNING,50,10,4,57,39,57,28
17031171100,no racial majority,0-11% Poverty,DUNNING,43,77,31,48,19,57,36
17031180100,no racial majority,12-20% Poverty,MONTCLARE,43,29,39,21,22,53,76
17031190100,latine,12-20% Poverty,BELMONT CRAGIN,82,62,25,80,45,54,57
17031190200,latine,12-20% Poverty,BELMONT CRAGIN,46,89,19,51,73,48,76
17031190300,latine,12-20% Poverty,BELMONT CRAGIN,33,39,38,37,22,52,64
17031190401,latine,12-20% Poverty,BELMONT CRAGIN,44,35,80,45,48,56,41
17031190402,latine,0-11% Poverty,BELMONT CRAGIN,41,44,15,65,58,46,63
17031190601,latine,12-20% Poverty,BELMONT CRAGIN,38,90,16,50,93,44,63
17031190602,latine,12-20% Poverty,BELMONT CRAGIN,40,38,15,6,44,42,57
17031190701,latine,12-20% Poverty,BELMONT CRAGIN,30,11,37,29,26,48,97
17031190702,latine,21-31% Poverty,BELMONT CRAGIN,14,11,25,60,28,44,39
17031190800,latine,12-20% Poverty,BELMONT CRAGIN,37,36,23,86,46,49,78
17031190900,latine,12-20% Poverty,BELMONT CRAGIN,46,88,27,96,72,44,44
17031191000,latine,12-20% Poverty,BELMONT CRAGIN,34,44,19,65,22,20,46
17031191100,latine,12-20% Poverty,BELMONT CRAGIN,44,76,75,69,54,35,92
17031191200,latine,21-31% Poverty,BELMONT CRAGIN,80,94,94,46,95,46,66
17031191301,latine,12-20% Poverty,BELMONT CRAGIN,53,32,14,34,88,40,32
17031191302,latine,0-11% Poverty,BELMONT CRAGIN,57,68,99,47,65,41,33
17031200100,latine,0-11% Poverty,HERMOSA,53,31,78,67,88,47,80
17031200200,latine,12-20% Poverty,HERMOSA,36,43,21,55,26,38,87
17031200300,latine,21-31% Poverty,HERMOSA,51,48,8,92,71,45,87
17031200401,latine,21-31% Poverty,HERMOSA,15,67,38,15,3,37,50
17031200402,latine,12-20% Poverty,HERMOSA,26,72,68,59,36,38,71
17031210100,no racial majority,0-11% Poverty,AVONDALE,95,90,45,83,75,85,96
17031210400,latine,21-31% Poverty,AVONDALE,76,93,89,96,89,59,37
17031210501,latine,21-31% Poverty,AVONDALE,58,87,32,35,38,73,56
17031210502,latine,21-31% Poverty,AVONDALE,35,11,67,83,7,72,70
17031210601,latine,12-20% Poverty,AVONDALE,52,11,34,87,17,69,85
17031210602,latine,0-11% Poverty,AVONDALE,55,79,74,77,25,75,32
17031210700,latine,21-31% Poverty,AVONDALE,72,11,25,20,90,73,94
17031210800,latine,0-11% Poverty,AVONDALE,78,11,48,93,75,75,99
17031210900,white,0-11% Poverty,AVONDALE,94,77,81,68,96,82,72
17031220300,white,0-11% Poverty,LOGAN SQUARE,82,33,62,99,97,85,96
17031220400,white,0-11% Poverty,LOGAN SQUARE,69,50,79,82,75,75,80
17031220500,white,0-11% Poverty,LOGAN SQUARE,73,92,78,65,32,82,78
17031220601,white,12-20% Poverty,LOGAN SQUARE,58,11,56,26,63,71,89
17031220602,white,12-20% Poverty,LOGAN SQUARE,75,96,44,44,89,78,91
17031220701,latine,12-20% Poverty,LOGAN SQUARE,36,29,31,80,29,66,70
17031220702,latine,21-31% Poverty,LOGAN SQUARE,58,72,55,88,47,74,56
17031220901,latine,21-31% Poverty,LOGAN SQUARE,35,57,65,12,38,66,76
17031220902,latine,12-20% Poverty,LOGAN SQUARE,40,60,73,71,23,64,91
17031221000,latine,21-31% Poverty,LOGAN SQUARE,43,91,64,95,48,71,51
17031221100,no racial majority,12-20% Poverty,LOGAN SQUARE,51,58,39,94,41,79,65
17031221200,white,0-11% Poverty,LOGAN SQUARE,70,84,54,91,34,85,83
17031221300,no racial majority,21-31% Poverty,LOGAN SQUARE,78,80,96,90,45,94,77
17031221400,no racial majority,0-11% Poverty,LOGAN SQUARE,73,87,67,67,38,87,77
17031221500,white,12-20% Poverty,LOGAN SQUARE,76,11,55,59,67,88,97
17031221600,white,0-11% Poverty,LOGAN SQUARE,83,12,79,89,17,92,86
17031222200,white,0-11% Poverty,LOGAN SQUARE,90,12,50,80,77,95,93
17031222500,no racial majority,21-31% Poverty,LOGAN SQUARE,70,12,30,46,80,84,72
17031222600,white,12-20% Poverty,LOGAN SQUARE,64,12,48,98,75,84,70
17031222700,latine,12-20% Poverty,LOGAN SQUARE,70,93,59,58,87,80,56
17031222800,latine,12-20% Poverty,LOGAN SQUARE,47,12,75,100,11,80,81
17031222900,latine,0-11% Poverty,LOGAN SQUARE,70,23,78,94,74,70,46
17031230100,latine,12-20% Poverty,HUMBOLDT PARK,61,92,58,44,52,87,80
17031230200,latine,12-20% Poverty,HUMBOLDT PARK,53,43,77,43,56,71,95
17031230300,latine,12-20% Poverty,HUMBOLDT PARK,38,12,92,92,63,68,1
17031230400,latine,12-20% Poverty,HUMBOLDT PARK,77,53,56,57,96,63,73
17031230500,latine,Over 31% Poverty,HUMBOLDT PARK,28,61,47,31,33,35,64
17031230600,latine,21-31% Poverty,HUMBOLDT PARK,47,64,82,49,64,37,76
17031230700,latine,21-31% Poverty,HUMBOLDT PARK,30,80,61,95,62,36,41
17031230800,latine,12-20% Poverty,HUMBOLDT PARK,73,83,100,72,75,47,2
17031230900,latine,21-31% Poverty,HUMBOLDT PARK,24,36,55,64,17,57,76
17031231100,black,21-31% Poverty,HUMBOLDT PARK,18,82,69,98,33,30,
17031231200,black,21-31% Poverty,HUMBOLDT PARK,11,64,67,27,12,33,43
17031231500,black,Over 31% Poverty,HUMBOLDT PARK,18,82,91,5,6,23,38
17031240200,white,0-11% Poverty,WEST TOWN,90,12,78,95,91,95,94
17031240300,white,0-11% Poverty,WEST TOWN,98,12,93,81,90,98,100
17031240500,white,0-11% Poverty,WEST TOWN,94,13,19,93,76,93,79
17031240600,white,12-20% Poverty,WEST TOWN,93,96,91,89,89,93,100
17031240700,latine,12-20% Poverty,WEST TOWN,71,93,76,66,9,87,73
17031240800,no racial majority,21-31% Poverty,WEST TOWN,93,93,51,35,99,86,98
17031240900,no racial majority,21-31% Poverty,WEST TOWN,48,86,63,26,3,75,68
17031241000,no racial majority,12-20% Poverty,WEST TOWN,78,97,97,59,43,86,94
17031241100,no racial majority,21-31% Poverty,WEST TOWN,65,77,85,76,24,88,83
17031241200,white,0-11% Poverty,WEST TOWN,89,47,96,43,70,93,73
17031241300,white,0-11% Poverty,WEST TOWN,83,13,66,80,47,93,97
17031241400,white,0-11% Poverty,WEST TOWN,87,30,83,81,70,94,88
17031241500,white,0-11% Poverty,WEST TOWN,88,67,76,74,47,98,90
17031241600,white,0-11% Poverty,WEST TOWN,80,39,53,86,82,91,93
17031242000,white,12-20% Poverty,WEST TOWN,76,33,88,74,41,100,61
17031242100,white,0-11% Poverty,WEST TOWN,90,72,87,88,72,96,95
17031242200,white,0-11% Poverty,WEST TOWN,86,13,83,82,56,99,98
17031242300,white,0-11% Poverty,WEST TOWN,82,13,92,59,69,92,81
17031242400,white,0-11% Poverty,WEST TOWN,67,27,33,82,9,81,93
17031242500,white,12-20% Poverty,WEST TOWN,68,34,41,90,35,87,86
17031242600,white,12-20% Poverty,WEST TOWN,60,40,61,85,36,85,77
17031242700,no racial majority,21-31% Poverty,WEST TOWN,71,27,53,78,92,89,69
17031242800,white,0-11% Poverty,WEST TOWN,82,94,75,69,31,84,87
17031242900,white,0-11% Poverty,WEST TOWN,87,54,73,29,58,94,100
17031243000,white,0-11% Poverty,WEST TOWN,88,13,12,38,68,94,95
17031243100,white,0-11% Poverty,WEST TOWN,93,13,74,69,63,94,99
17031243200,white,0-11% Poverty,WEST TOWN,94,93,61,62,64,99,87
17031243300,white,0-11% Poverty,WEST TOWN,86,47,76,86,5,94,91
17031243400,white,0-11% Poverty,WEST TOWN,79,36,77,60,50,86,73
17031243500,white,0-11% Poverty,WEST TOWN,95,54,71,77,62,91,88
17031250200,latine,12-20% Poverty,AUSTIN,87,45,65,69,97,30,25
17031250300,black,21-31% Poverty,AUSTIN,30,61,69,18,52,49,91
17031250400,black,21-31% Poverty,AUSTIN,45,66,31,34,49,44,51
17031250500,no racial majority,0-11% Poverty,AUSTIN,93,51,16,70,96,51,14
17031250600,black,12-20% Poverty,AUSTIN,60,66,58,67,96,26,55
17031250700,black,21-31% Poverty,AUSTIN,45,48,42,91,98,32,58
17031250800,black,21-31% Poverty,AUSTIN,24,49,51,9,18,24,47
17031251000,black,Over 31% Poverty,AUSTIN,62,79,49,87,44,10,89
17031251100,black,Over 31% Poverty,AUSTIN,9,62,41,91,27,35,21
17031251200,black,12-20% Poverty,AUSTIN,20,88,25,48,17,33,33
17031251300,black,21-31% Poverty,AUSTIN,14,71,57,20,42,28,59
17031251400,black,21-31% Poverty,AUSTIN,13,75,55,62,14,29,43
17031251500,black,Over 31% Poverty,AUSTIN,29,82,70,92,94,33,38
17031251600,black,Over 31% Poverty,AUSTIN,14,56,11,2,37,35,44
17031251700,black,12-20% Poverty,AUSTIN,13,68,80,3,43,10,2
17031251800,black,Over 31% Poverty,AUSTIN,22,83,75,21,11,58,43
17031251900,black,Over 31% Poverty,AUSTIN,16,71,88,91,35,28,36
17031252000,black,Over 31% Poverty,AUSTIN,24,63,73,19,54,17,45
17031252101,black,Over 31% Poverty,AUSTIN,57,53,81,63,95,28,59
17031252102,black,21-31% Poverty,AUSTIN,10,45,64,61,30,18,40
17031252201,black,21-31% Poverty,AUSTIN,62,65,63,48,85,13,27
17031252202,black,Over 31% Poverty,AUSTIN,8,76,60,23,12,36,21
17031260100,black,Over 31% Poverty,WEST GARFIELD PARK,59,73,51,30,90,43,12
17031260200,black,21-31% Poverty,WEST GARFIELD PARK,31,59,88,40,9,14,62
17031260300,black,Over 31% Poverty,WEST GARFIELD PARK,59,98,97,52,23,29,73
17031260400,black,Over 31% Poverty,WEST GARFIELD PARK,28,67,90,17,38,28,57
17031260500,black,Over 31% Poverty,WEST GARFIELD PARK,15,48,70,2,30,24,22
17031260600,black,Over 31% Poverty,WEST GARFIELD PARK,17,50,71,55,21,45,31
17031260700,black,Over 31% Poverty,WEST GARFIELD PARK,97,56,77,34,100,29,29
17031260800,black,Over 31% Poverty,WEST GARFIELD PARK,21,55,91,53,55,26,71
17031260900,black,21-31% Poverty,WEST GARFIELD PARK,7,55,38,22,4,30,31
17031261000,black,21-31% Poverty,WEST GARFIELD PARK,23,59,31,92,83,19,18
17031270500,black,Over 31% Poverty,EAST GARFIELD PARK,4,85,52,1,8,15,26
17031271200,black,Over 31% Poverty,EAST GARFIELD PARK,23,88,85,2,2,49,90
17031271300,black,Over 31% Poverty,EAST GARFIELD PARK,15,89,83,,,40,41
17031271400,black,Over 31% Poverty,EAST GARFIELD PARK,40,98,74,28,14,16,25
17031271500,black,21-31% Poverty,EAST GARFIELD PARK,11,19,84,99,14,23,37
17031271800,black,Over 31% Poverty,EAST GARFIELD PARK,29,76,36,87,25,76,18
17031280100,white,0-11% Poverty,NEAR WEST SIDE,95,85,47,10,45,86,92
17031280400,black,Over 31% Poverty,NEAR WEST SIDE,93,98,88,86,48,55,21
17031280800,black,21-31% Poverty,NEAR WEST SIDE,78,100,49,49,74,70,22
17031280900,black,Over 31% Poverty,NEAR WEST SIDE,69,98,95,2,89,86,20
17031281900,no racial majority,12-20% Poverty,NEAR WEST SIDE,95,86,75,87,28,87,70
17031282700,no racial majority,21-31% Poverty,NEAR WEST SIDE,86,49,90,99,93,74,95
17031282800,no racial majority,21-31% Poverty,NEAR WEST SIDE,38,34,69,33,42,67,44
17031283100,no racial majority,Over 31% Poverty,NEAR WEST SIDE,33,29,50,35,35,76,48
17031283200,no racial majority,21-31% Poverty,NEAR WEST SIDE,59,13,70,41,72,80,21
17031283800,no racial majority,12-20% Poverty,NEAR WEST SIDE,49,74,51,64,43,75,28
17031290900,black,Over 31% Poverty,NORTH LAWNDALE,8,81,65,13,13,24,27
17031291200,black,Over 31% Poverty,NORTH LAWNDALE,17,32,79,72,12,28,82
17031291600,latine,12-20% Poverty,NORTH LAWNDALE,31,13,2,15,42,12,78
17031292200,black,Over 31% Poverty,NORTH LAWNDALE,41,27,99,21,98,32,2
17031292400,black,21-31% Poverty,NORTH LAWNDALE,18,78,94,49,2,33,34
17031292500,black,21-31% Poverty,NORTH LAWNDALE,31,81,98,56,9,11,23
17031300500,latine,12-20% Poverty,SOUTH LAWNDALE,4,64,43,53,7,12,17
17031300600,latine,21-31% Poverty,SOUTH LAWNDALE,20,62,52,23,55,8,18
17031300700,latine,21-31% Poverty,SOUTH LAWNDALE,3,48,35,30,16,16,34
17031300800,latine,Over 31% Poverty,SOUTH LAWNDALE,22,35,60,71,86,7,28
17031300900,latine,21-31% Poverty,SOUTH LAWNDALE,4,14,44,52,8,7,38
17031301100,latine,21-31% Poverty,SOUTH LAWNDALE,6,32,54,16,58,8,24
17031301200,latine,21-31% Poverty,SOUTH LAWNDALE,51,78,53,10,88,13,50
17031301600,latine,Over 31% Poverty,SOUTH LAWNDALE,9,69,37,56,56,10,25
17031301701,latine,Over 31% Poverty,SOUTH LAWNDALE,7,54,68,31,6,6,52
17031301702,latine,12-20% Poverty,SOUTH LAWNDALE,2,37,44,73,9,4,2
17031301801,latine,21-31% Poverty,SOUTH LAWNDALE,3,41,35,30,11,8,20
17031301802,latine,21-31% Poverty,SOUTH LAWNDALE,54,14,72,13,82,11,14
17031301803,latine,12-20% Poverty,SOUTH LAWNDALE,2,25,25,82,3,6,16
17031310200,latine,12-20% Poverty,LOWER WEST SIDE,65,45,68,93,69,70,71
17031310300,latine,12-20% Poverty,LOWER WEST SIDE,88,99,65,82,93,77,26
17031310400,no racial majority,0-11% Poverty,LOWER WEST SIDE,54,41,81,98,76,66,79
17031310500,latine,12-20% Poverty,LOWER WEST SIDE,73,96,76,26,60,36,88
17031310600,latine,12-20% Poverty,LOWER WEST SIDE,56,73,57,74,55,52,84
17031310700,latine,21-31% Poverty,LOWER WEST SIDE,32,63,84,49,53,25,69
17031310800,latine,12-20% Poverty,LOWER WEST SIDE,40,79,68,66,35,39,85
17031310900,latine,21-31% Poverty,LOWER WEST SIDE,26,88,74,62,17,27,69
17031320100,white,0-11% Poverty,LOOP,94,80,35,31,32,78,51
17031320400,white,12-20% Poverty,LOOP,100,99,97,27,37,98,74
17031320600,white,0-11% Poverty,LOOP,93,26,37,60,78,82,90
17031330100,white,0-11% Poverty,NEAR SOUTH SIDE,89,65,38,85,80,86,72
17031330200,no racial majority,12-20% Poverty,NEAR SOUTH SIDE,75,74,44,8,84,83,15
17031340300,asian,21-31% Poverty,ARMOUR SQUARE,33,14,90,100,94,33,29
17031340400,asian,21-31% Poverty,ARMOUR SQUARE,30,14,89,27,29,17,65
17031340500,no racial majority,Over 31% Poverty,ARMOUR SQUARE,27,14,56,45,64,57,30
17031340600,black,Over 31% Poverty,ARMOUR SQUARE,1,62,1,1,1,70,2
17031350100,no racial majority,21-31% Poverty,DOUGLAS,5,68,62,1,90,1,2
17031350400,black,Over 31% Poverty,DOUGLAS,1,66,4,68,5,,2
17031351000,black,Over 31% Poverty,DOUGLAS,6,14,87,9,1,38,27
17031351100,black,Over 31% Poverty,DOUGLAS,2,45,29,2,23,46,12
17031351400,black,Over 31% Poverty,DOUGLAS,34,74,30,7,46,66,47
17031351500,black,Over 31% Poverty,DOUGLAS,92,100,55,100,59,63,24
17031360200,black,12-20% Poverty,OAKLAND,55,97,99,,,71,30
17031380100,black,Over 31% Poverty,GRAND BOULEVARD,61,77,98,51,83,79,32
17031380200,black,Over 31% Poverty,GRAND BOULEVARD,47,98,48,24,2,73,58
17031380500,black,Over 31% Poverty,GRAND BOULEVARD,11,97,1,84,1,,2
17031380700,black,12-20% Poverty,GRAND BOULEVARD,50,76,52,38,56,76,44
17031381200,black,21-31% Poverty,GRAND BOULEVARD,28,63,65,37,86,62,18
17031381400,black,12-20% Poverty,GRAND BOULEVARD,25,81,60,29,56,65,23
17031381500,black,Over 31% Poverty,GRAND BOULEVARD,67,69,33,97,71,72,67
17031381700,,,GRAND BOULEVARD,,,,12,6,,
17031381800,black,21-31% Poverty,GRAND BOULEVARD,52,79,88,32,85,63,35
17031381900,black,12-20% Poverty,GRAND BOULEVARD,32,29,77,19,3,69,18
17031390100,black,12-20% Poverty,KENWOOD,63,14,57,33,37,84,32
17031390200,black,0-11% Poverty,KENWOOD,49,51,83,33,12,69,17
17031390300,black,Over 31% Poverty,KENWOOD,59,99,62,53,54,52,57
17031390400,black,Over 31% Poverty,KENWOOD,28,25,46,63,65,61,49
17031390500,black,21-31% Poverty,KENWOOD,66,93,82,48,23,84,77
17031390600,no racial majority,12-20% Poverty,KENWOOD,64,14,84,86,11,80,59
17031390700,black,12-20% Poverty,KENWOOD,32,81,11,11,87,25,44
17031400300,black,Over 31% Poverty,WASHINGTON PARK,25,49,68,8,57,51,34
17031400400,black,Over 31% Poverty,WASHINGTON PARK,19,81,93,7,1,27,46
17031400500,black,Over 31% Poverty,WASHINGTON PARK,36,71,94,7,84,50,69
17031400800,black,Over 31% Poverty,WASHINGTON PARK,47,32,93,12,85,41,79
17031410100,no racial majority,12-20% Poverty,HYDE PARK,76,28,46,31,98,35,47
17031410200,no racial majority,21-31% Poverty,HYDE PARK,10,15,2,5,11,73,19
17031410500,no racial majority,Over 31% Poverty,HYDE PARK,48,29,59,52,48,67,79
17031410600,no racial majority,Over 31% Poverty,HYDE PARK,54,25,24,42,40,64,73
17031410700,white,21-31% Poverty,HYDE PARK,54,83,59,25,78,50,48
17031410800,no racial majority,21-31% Poverty,HYDE PARK,67,33,85,32,34,38,92
17031410900,no racial majority,12-20% Poverty,HYDE PARK,52,75,15,8,48,37,82
17031411000,no racial majority,0-11% Poverty,HYDE PARK,29,15,18,2,45,17,35
17031411100,white,12-20% Poverty,HYDE PARK,60,15,47,13,42,75,50
17031411200,white,21-31% Poverty,HYDE PARK,62,15,36,13,9,77,51
17031420100,black,Over 31% Poverty,WOODLAWN,8,71,21,96,4,41,48
17031420200,black,Over 31% Poverty,WOODLAWN,77,92,58,18,87,43,39
17031420300,no racial majority,Over 31% Poverty,WOODLAWN,29,87,80,3,10,53,62
17031420400,black,Over 31% Poverty,WOODLAWN,74,95,100,5,85,54,56
17031420500,black,12-20% Poverty,WOODLAWN,67,99,100,4,78,54,19
17031420600,black,Over 31% Poverty,WOODLAWN,31,54,90,65,31,62,78
17031420700,black,Over 31% Poverty,WOODLAWN,19,84,76,72,57,55,30
17031420800,black,21-31% Poverty,WOODLAWN,42,89,91,25,73,68,45
17031421200,black,Over 31% Poverty,WOODLAWN,41,85,95,50,78,21,33
17031430101,black,21-31% Poverty,SOUTH SHORE,20,58,80,44,39,25,61
17031430102,black,21-31% Poverty,SOUTH SHORE,7,15,18,8,79,9,46
17031430200,black,Over 31% Poverty,SOUTH SHORE,34,37,80,77,92,62,47
17031430300,black,Over 31% Poverty,SOUTH SHORE,23,90,91,43,30,38,39
17031430400,black,Over 31% Poverty,SOUTH SHORE,84,56,66,97,98,31,67
17031430500,black,Over 31% Poverty,SOUTH SHORE,16,31,80,9,40,39,49
17031430600,black,21-31% Poverty,SOUTH SHORE,52,15,98,95,58,31,49
17031430700,black,Over 31% Poverty,SOUTH SHORE,74,72,54,22,95,14,60
17031430800,black,21-31% Poverty,SOUTH SHORE,22,15,91,66,69,33,39
17031430900,black,21-31% Poverty,SOUTH SHORE,23,58,85,4,14,39,66
17031431200,black,12-20% Poverty,SOUTH SHORE,27,49,32,94,60,33,26
17031431301,black,21-31% Poverty,SOUTH SHORE,20,44,73,48,77,36,52
17031431302,black,Over 31% Poverty,SOUTH SHORE,21,32,89,9,24,52,51
17031431400,black,Over 31% Poverty,SOUTH SHORE,13,34,54,16,66,7,32
17031440101,black,Over 31% Poverty,CHATHAM,7,32,82,32,18,37,31
17031440102,black,21-31% Poverty,CHATHAM,37,57,66,10,81,26,34
17031440201,black,21-31% Poverty,CHATHAM,24,71,87,61,82,43,38
17031440202,black,21-31% Poverty,CHATHAM,16,34,47,14,31,17,44
17031440300,black,12-20% Poverty,CHATHAM,19,72,69,47,32,26,31
17031440600,black,12-20% Poverty,CHATHAM,20,39,15,84,39,29,
17031440700,black,12-20% Poverty,CHATHAM,40,15,74,30,70,25,65
17031440800,black,Over 31% Poverty,CHATHAM,3,51,36,4,59,12,23
17031440900,black,21-31% Poverty,CHATHAM,17,30,55,80,61,34,71
17031450300,black,12-20% Poverty,AVALON PARK,25,68,33,26,7,23,29
17031460100,black,Over 31% Poverty,SOUTH CHICAGO,6,75,82,28,35,4,22
17031460200,latine,Over 31% Poverty,SOUTH CHICAGO,25,42,28,22,90,3,16
17031460301,black,Over 31% Poverty,SOUTH CHICAGO,81,98,64,16,100,6,3
17031460302,black,21-31% Poverty,SOUTH CHICAGO,88,41,71,84,100,9,32
17031460400,black,21-31% Poverty,SOUTH CHICAGO,14,46,60,23,62,22,61
17031460500,black,0-11% Poverty,SOUTH CHICAGO,17,30,44,51,16,26,42
17031460600,black,21-31% Poverty,SOUTH CHICAGO,3,51,45,28,14,9,37
17031460700,black,Over 31% Poverty,SOUTH CHICAGO,1,50,8,13,48,2,12
17031461000,black,Over 31% Poverty,SOUTH CHICAGO,84,97,92,43,74,1,16
17031470100,black,12-20% Poverty,BURNSIDE,74,73,86,24,62,20,16
17031480100,black,12-20% Poverty,CALUMET HEIGHTS,27,73,23,14,53,18,36
17031480200,black,12-20% Poverty,CALUMET HEIGHTS,56,63,52,3,75,18,90
17031480300,black,12-20% Poverty,CALUMET HEIGHTS,22,68,12,36,53,19,3
17031480400,black,0-11% Poverty,CALUMET HEIGHTS,19,86,8,17,7,20,72
17031480500,black,21-31% Poverty,CALUMET HEIGHTS,14,37,89,11,17,11,31
17031490300,black,12-20% Poverty,ROSELAND,57,53,7,98,97,14,3
17031490400,black,0-11% Poverty,ROSELAND,12,23,71,11,49,21,3
17031490500,black,21-31% Poverty,ROSELAND,26,65,3,1,87,27,3
17031490600,black,12-20% Poverty,ROSELAND,8,22,5,19,30,11,3
17031490700,black,12-20% Poverty,ROSELAND,5,35,3,98,86,5,3
17031490800,black,21-31% Poverty,ROSELAND,10,28,47,6,33,13,13
17031490901,black,21-31% Poverty,ROSELAND,6,68,71,3,50,16,19
17031490902,black,12-20% Poverty,ROSELAND,18,87,27,94,68,14,20
17031491000,black,Over 31% Poverty,ROSELAND,12,72,93,78,52,1,3
17031491100,black,12-20% Poverty,ROSELAND,62,64,8,88,88,11,4
17031491200,black,21-31% Poverty,ROSELAND,6,49,11,22,10,7,41
17031491300,black,Over 31% Poverty,ROSELAND,68,24,98,99,71,1,100
17031491400,black,Over 31% Poverty,ROSELAND,26,81,89,24,56,12,37
17031500100,black,0-11% Poverty,PULLMAN,67,74,86,5,95,8,4
17031500200,black,Over 31% Poverty,PULLMAN,80,94,100,17,43,6,68
17031500300,no racial majority,21-31% Poverty,PULLMAN,36,66,91,73,54,15,4
17031510100,latine,21-31% Poverty,SOUTH DEERING,18,77,58,16,47,5,4
17031510200,black,Over 31% Poverty,SOUTH DEERING,43,40,28,44,95,2,4
17031510300,black,21-31% Poverty,SOUTH DEERING,4,56,40,11,29,1,4
17031520100,latine,0-11% Poverty,EAST SIDE,53,80,11,59,79,2,48
17031520200,latine,Over 31% Poverty,EAST SIDE,1,36,10,24,14,3,4
17031520300,latine,21-31% Poverty,EAST SIDE,6,40,16,11,21,6,98
17031520400,latine,12-20% Poverty,EAST SIDE,13,39,23,9,48,9,33
17031520500,latine,0-11% Poverty,EAST SIDE,12,20,16,94,10,20,4
17031520600,latine,12-20% Poverty,EAST SIDE,34,86,9,14,76,9,5
17031530100,latine,21-31% Poverty,WEST PULLMAN,7,73,42,19,66,2,14
17031530200,black,21-31% Poverty,WEST PULLMAN,10,67,58,2,92,3,5
17031530300,black,21-31% Poverty,WEST PULLMAN,27,75,98,36,6,7,5
17031530400,black,21-31% Poverty,WEST PULLMAN,10,47,5,32,15,8,5
17031530501,black,12-20% Poverty,WEST PULLMAN,9,92,18,37,40,8,13
17031530502,black,12-20% Poverty,WEST PULLMAN,5,21,10,4,1,9,5
17031530503,black,21-31% Poverty,WEST PULLMAN,17,66,18,46,94,7,5
17031530600,black,21-31% Poverty,WEST PULLMAN,27,39,12,9,98,14,50
17031540101,black,Over 31% Poverty,RIVERDALE,32,16,98,12,81,1,52
17031540102,black,Over 31% Poverty,RIVERDALE,6,23,33,29,4,1,73
17031550100,latine,21-31% Poverty,HEGEWISCH,53,23,8,48,67,13,18
17031550200,latine,0-11% Poverty,HEGEWISCH,62,83,54,80,91,23,5
17031560100,latine,0-11% Poverty,GARFIELD RIDGE,99,76,29,73,94,27,5
17031560200,black,12-20% Poverty,GARFIELD RIDGE,24,38,55,99,41,25,6
17031560300,latine,12-20% Poverty,GARFIELD RIDGE,43,95,31,61,6,41,6
17031560400,latine,12-20% Poverty,GARFIELD RIDGE,61,92,26,35,28,37,
17031560700,latine,12-20% Poverty,GARFIELD RIDGE,33,49,10,38,19,45,25
17031560800,no racial majority,0-11% Poverty,GARFIELD RIDGE,84,25,6,33,96,45,20
17031560900,white,0-11% Poverty,GARFIELD RIDGE,60,16,13,29,74,49,44
17031561000,white,0-11% Poverty,GARFIELD RIDGE,43,16,9,39,21,51,27
17031561100,latine,0-11% Poverty,GARFIELD RIDGE,64,16,62,28,87,45,93
17031570100,latine,12-20% Poverty,ARCHER HEIGHTS,93,91,27,42,31,23,21
17031570200,latine,12-20% Poverty,ARCHER HEIGHTS,97,95,92,55,65,27,97
17031570300,latine,21-31% Poverty,ARCHER HEIGHTS,26,52,22,63,5,42,34
17031570400,latine,0-11% Poverty,ARCHER HEIGHTS,56,16,24,57,44,31,29
17031570500,latine,0-11% Poverty,ARCHER HEIGHTS,27,57,24,21,51,41,6
17031580100,latine,21-31% Poverty,BRIGHTON PARK,39,81,58,68,34,40,35
17031580200,latine,Over 31% Poverty,BRIGHTON PARK,63,53,65,65,70,23,40
17031580300,latine,0-11% Poverty,BRIGHTON PARK,80,31,19,85,83,12,6
17031580400,latine,12-20% Poverty,BRIGHTON PARK,87,37,85,25,97,21,28
17031580501,latine,12-20% Poverty,BRIGHTON PARK,7,28,56,33,27,19,34
17031580502,latine,21-31% Poverty,BRIGHTON PARK,15,90,77,37,4,12,28
17031580600,latine,12-20% Poverty,BRIGHTON PARK,8,16,46,60,31,16,6
17031580700,latine,21-31% Poverty,BRIGHTON PARK,10,24,50,71,64,19,6
17031580800,latine,21-31% Poverty,BRIGHTON PARK,1,16,28,4,8,8,6
17031590500,no racial majority,21-31% Poverty,MCKINLEY PARK,81,80,38,63,93,34,49
17031590600,latine,12-20% Poverty,MCKINLEY PARK,14,20,48,37,30,31,31
17031590700,latine,21-31% Poverty,MCKINLEY PARK,48,73,65,31,51,46,6
17031600400,asian,21-31% Poverty,BRIDGEPORT,19,25,69,7,38,32,45
17031600600,no racial majority,12-20% Poverty,BRIDGEPORT,32,62,77,20,26,50,86
17031600700,no racial majority,12-20% Poverty,BRIDGEPORT,33,37,73,81,56,62,21
17031600900,no racial majority,12-20% Poverty,BRIDGEPORT,21,48,61,50,34,47,60
17031610300,latine,Over 31% Poverty,NEW CITY,84,82,40,46,85,11,15
17031610400,latine,Over 31% Poverty,NEW CITY,4,71,30,26,29,4,16
17031610800,white,0-11% Poverty,NEW CITY,24,40,51,22,29,50,
17031611000,black,Over 31% Poverty,NEW CITY,23,66,59,19,12,10,89
17031611100,latine,21-31% Poverty,NEW CITY,42,35,17,32,99,12,7
17031611200,latine,Over 31% Poverty,NEW CITY,7,47,40,59,22,19,35
17031611300,latine,21-31% Poverty,NEW CITY,67,82,53,81,91,7,7
17031611400,latine,21-31% Poverty,NEW CITY,2,20,28,3,32,5,28
17031611500,latine,Over 31% Poverty,NEW CITY,92,25,20,39,98,12,13
17031611600,latine,21-31% Poverty,NEW CITY,9,21,27,54,53,13,7
17031611700,latine,Over 31% Poverty,NEW CITY,9,23,72,96,6,17,7
17031611800,black,12-20% Poverty,NEW CITY,4,41,32,79,44,21,38
17031611900,black,Over 31% Poverty,NEW CITY,55,70,59,84,99,26,15
17031612000,black,21-31% Poverty,NEW CITY,5,55,32,8,39,21,7
17031612100,black,21-31% Poverty,NEW CITY,2,16,15,8,55,7,7
17031620100,latine,0-11% Poverty,WEST ELSDON,45,84,38,84,55,24,50
17031620200,latine,0-11% Poverty,WEST ELSDON,75,85,63,29,75,34,26
17031620300,latine,12-20% Poverty,WEST ELSDON,21,24,30,21,8,38,14
17031620400,latine,0-11% Poverty,WEST ELSDON,37,53,39,47,93,24,25
17031630100,latine,21-31% Poverty,GAGE PARK,98,43,48,10,100,5,17
17031630200,latine,21-31% Poverty,GAGE PARK,88,32,23,15,76,22,23
17031630300,latine,0-11% Poverty,GAGE PARK,35,87,42,36,20,15,7
17031630400,latine,21-31% Poverty,GAGE PARK,73,72,27,45,99,15,53
17031630500,latine,12-20% Poverty,GAGE PARK,9,44,47,18,61,13,19
17031630800,latine,12-20% Poverty,GAGE PARK,12,28,33,49,52,10,42
17031630900,latine,12-20% Poverty,GAGE PARK,13,21,34,19,40,20,17
17031640100,latine,0-11% Poverty,CLEARING,19,17,13,16,2,53,7
17031640300,latine,0-11% Poverty,CLEARING,40,33,18,56,36,48,42
17031640400,white,0-11% Poverty,CLEARING,90,56,5,6,85,46,14
17031640500,white,0-11% Poverty,CLEARING,42,20,35,78,84,48,35
17031640600,latine,12-20% Poverty,CLEARING,30,34,35,39,27,49,38
17031640700,latine,12-20% Poverty,CLEARING,30,40,10,60,25,37,
17031640800,latine,0-11% Poverty,CLEARING,63,69,84,60,34,44,100
17031650100,latine,21-31% Poverty,WEST LAWN,15,35,35,54,10,34,8
17031650200,latine,12-20% Poverty,WEST LAWN,22,31,31,38,10,40,56
17031650301,latine,0-11% Poverty,WEST LAWN,84,44,19,66,97,39,45
17031650302,latine,12-20% Poverty,WEST LAWN,35,69,36,45,47,35,8
17031650400,latine,12-20% Poverty,WEST LAWN,31,37,19,20,47,40,24
17031650500,latine,12-20% Poverty,WEST LAWN,77,95,20,29,38,31,8
17031660301,latine,21-31% Poverty,CHICAGO LAWN,28,41,51,12,83,27,20
17031660302,latine,21-31% Poverty,CHICAGO LAWN,17,27,86,76,60,22,36
17031660400,latine,0-11% Poverty,CHICAGO LAWN,40,39,11,77,95,17,27
17031660500,latine,21-31% Poverty,CHICAGO LAWN,38,33,66,71,81,33,61
17031660600,latine,21-31% Poverty,CHICAGO LAWN,11,33,64,42,39,31,27
17031660700,black,Over 31% Poverty,CHICAGO LAWN,60,23,16,93,71,6,8
17031660800,no racial majority,21-31% Poverty,CHICAGO LAWN,21,20,69,84,95,28,58
17031660900,black,21-31% Poverty,CHICAGO LAWN,12,38,42,25,6,43,22
17031661000,black,21-31% Poverty,CHICAGO LAWN,13,82,13,79,12,26,15
17031661100,latine,12-20% Poverty,CHICAGO LAWN,20,30,43,43,20,32,15
17031670100,black,Over 31% Poverty,WEST ENGLEWOOD,12,59,44,31,21,44,16
17031670200,black,Over 31% Poverty,WEST ENGLEWOOD,11,34,14,97,27,28,64
17031670300,black,21-31% Poverty,WEST ENGLEWOOD,21,53,86,23,32,11,8
17031670400,black,21-31% Poverty,WEST ENGLEWOOD,2,55,26,7,68,4,23
17031670500,black,21-31% Poverty,WEST ENGLEWOOD,4,22,15,77,34,3,29
17031670600,black,Over 31% Poverty,WEST ENGLEWOOD,1,26,14,,,2,8
17031670700,black,Over 31% Poverty,WEST ENGLEWOOD,11,27,64,22,23,6,52
17031670800,black,21-31% Poverty,WEST ENGLEWOOD,4,52,44,55,22,13,8
17031670900,black,Over 31% Poverty,WEST ENGLEWOOD,3,21,34,79,16,9,8
17031671100,black,Over 31% Poverty,WEST ENGLEWOOD,5,63,72,10,2,14,9
17031671200,black,21-31% Poverty,WEST ENGLEWOOD,7,46,52,34,4,26,45
17031671300,black,21-31% Poverty,WEST ENGLEWOOD,1,21,10,16,5,4,33
17031671400,black,21-31% Poverty,WEST ENGLEWOOD,2,72,3,56,74,1,24
17031671500,black,21-31% Poverty,WEST ENGLEWOOD,3,23,39,6,9,3,35
17031671600,black,Over 31% Poverty,WEST ENGLEWOOD,2,32,4,46,12,10,13
17031671800,black,Over 31% Poverty,WEST ENGLEWOOD,1,28,9,24,5,2,9
17031671900,black,12-20% Poverty,WEST ENGLEWOOD,8,22,20,22,49,2,
17031672000,black,21-31% Poverty,WEST ENGLEWOOD,3,66,21,18,24,3,9
17031680500,black,Over 31% Poverty,ENGLEWOOD,5,17,42,,,25,23
17031680600,black,Over 31% Poverty,ENGLEWOOD,5,17,33,5,73,39,32
17031680900,black,Over 31% Poverty,ENGLEWOOD,13,84,79,6,18,4,29
17031681000,black,Over 31% Poverty,ENGLEWOOD,16,91,67,66,59,21,22
17031681100,black,Over 31% Poverty,ENGLEWOOD,6,61,63,20,51,36,13
17031681200,black,Over 31% Poverty,ENGLEWOOD,12,55,94,26,21,18,35
17031681300,black,Over 31% Poverty,ENGLEWOOD,11,17,72,90,94,24,40
17031681400,black,21-31% Poverty,ENGLEWOOD,5,24,63,39,19,10,46
17031690300,black,Over 31% Poverty,GREATER GRAND CROSSING,33,42,94,58,43,3,52
17031690400,black,Over 31% Poverty,GREATER GRAND CROSSING,14,17,70,89,6,19,67
17031690500,black,Over 31% Poverty,GREATER GRAND CROSSING,40,52,71,4,88,43,63
17031690900,black,21-31% Poverty,GREATER GRAND CROSSING,20,40,80,80,78,38,58
17031691000,black,12-20% Poverty,GREATER GRAND CROSSING,22,36,52,65,59,36,62
17031691100,black,Over 31% Poverty,GREATER GRAND CROSSING,61,21,64,30,99,16,24
17031691200,black,Over 31% Poverty,GREATER GRAND CROSSING,27,49,67,36,67,15,54
17031691300,black,21-31% Poverty,GREATER GRAND CROSSING,23,55,62,38,39,30,55
17031691400,black,21-31% Poverty,GREATER GRAND CROSSING,29,45,69,14,68,30,42
17031691500,black,Over 31% Poverty,GREATER GRAND CROSSING,35,84,83,13,41,16,61
17031700100,black,12-20% Poverty,ASHBURN,70,42,45,94,59,36,42
17031700200,latine,12-20% Poverty,ASHBURN,25,50,20,59,7,31,9
17031700301,latine,0-11% Poverty,ASHBURN,39,29,39,15,16,43,9
17031700302,latine,0-11% Poverty,ASHBURN,35,20,24,55,22,44,41
17031700401,black,12-20% Poverty,ASHBURN,26,27,26,39,13,35,43
17031700402,black,21-31% Poverty,ASHBURN,29,25,37,32,17,32,9
17031700501,black,0-11% Poverty,ASHBURN,36,89,21,68,64,28,21
17031700502,black,0-11% Poverty,ASHBURN,21,20,13,100,24,22,9
17031710100,black,Over 31% Poverty,AUBURN GRESHAM,3,59,28,2,10,34,20
17031710200,black,21-31% Poverty,AUBURN GRESHAM,9,24,78,10,60,25,36
17031710300,black,Over 31% Poverty,AUBURN GRESHAM,25,33,61,39,46,20,31
17031710400,black,21-31% Poverty,AUBURN GRESHAM,13,42,42,38,73,23,38
17031710500,black,21-31% Poverty,AUBURN GRESHAM,28,28,87,8,87,35,39
17031710600,black,Over 31% Poverty,AUBURN GRESHAM,14,57,51,96,54,32,58
17031710700,black,21-31% Poverty,AUBURN GRESHAM,18,84,53,46,64,29,28
17031710800,black,21-31% Poverty,AUBURN GRESHAM,17,83,67,83,25,39,41
17031710900,black,Over 31% Poverty,AUBURN GRESHAM,42,82,92,54,52,18,13
17031711000,black,21-31% Poverty,AUBURN GRESHAM,16,48,26,6,89,18,50
17031711100,black,12-20% Poverty,AUBURN GRESHAM,26,17,95,18,33,31,17
17031711200,black,12-20% Poverty,AUBURN GRESHAM,12,37,49,25,30,17,48
17031711300,black,12-20% Poverty,AUBURN GRESHAM,90,36,49,79,99,29,59
17031711400,black,21-31% Poverty,AUBURN GRESHAM,42,60,49,47,79,22,26
17031711500,black,21-31% Poverty,AUBURN GRESHAM,9,17,2,,,20,
17031720100,white,0-11% Poverty,BEVERLY,74,61,50,92,76,65,24
17031720200,black,0-11% Poverty,BEVERLY,72,73,86,52,81,48,47
17031720300,white,0-11% Poverty,BEVERLY,69,26,85,86,15,62,
17031720400,white,0-11% Poverty,BEVERLY,55,56,13,73,18,55,9
17031720500,white,0-11% Poverty,BEVERLY,65,50,29,76,61,47,75
17031720600,white,0-11% Poverty,BEVERLY,66,17,4,34,63,60,10
17031720700,black,0-11% Poverty,BEVERLY,58,47,82,23,86,55,54
17031730100,black,12-20% Poverty,WASHINGTON HEIGHTS,22,35,93,10,30,21,10
17031730201,black,21-31% Poverty,WASHINGTON HEIGHTS,58,86,46,89,99,30,35
17031730202,black,0-11% Poverty,WASHINGTON HEIGHTS,46,78,2,98,80,22,62
17031730300,black,12-20% Poverty,WASHINGTON HEIGHTS,79,70,1,83,91,22,15
17031730400,black,12-20% Poverty,WASHINGTON HEIGHTS,47,47,23,32,63,24,71
17031730500,black,21-31% Poverty,WASHINGTON HEIGHTS,23,45,20,96,57,18,10
17031730600,black,21-31% Poverty,WASHINGTON HEIGHTS,18,18,22,9,72,24,26
17031730700,black,21-31% Poverty,WASHINGTON HEIGHTS,44,57,28,73,77,40,10
17031740100,white,12-20% Poverty,MOUNT GREENWOOD,60,71,6,66,23,58,42
17031740200,white,0-11% Poverty,MOUNT GREENWOOD,66,18,10,17,55,49,10
17031740300,white,0-11% Poverty,MOUNT GREENWOOD,68,58,7,61,90,56,14
17031740400,white,0-11% Poverty,MOUNT GREENWOOD,68,50,2,5,74,50,100
17031750100,black,12-20% Poverty,MORGAN PARK,99,39,50,21,100,16,21
17031750200,black,0-11% Poverty,MORGAN PARK,46,61,5,33,72,42,22
17031750300,white,0-11% Poverty,MORGAN PARK,49,61,5,24,32,52,58
17031750400,white,0-11% Poverty,MORGAN PARK,44,47,22,63,29,45,49
17031750500,black,12-20% Poverty,MORGAN PARK,84,52,30,22,93,34,80
17031750600,black,12-20% Poverty,MORGAN PARK,8,65,19,13,18,9,10
17031760801,white,0-11% Poverty,O'HARE,83,33,29,67,32,36,17
17031760802,white,12-20% Poverty,O'HARE,56,18,8,43,47,46,10
17031760803,white,12-20% Poverty,O'HARE,16,18,6,90,54,29,23
17031830500,latine,21-31% Poverty,SOUTH LAWNDALE,65,96,28,31,27,4,10
17031830600,no racial majority,21-31% Poverty,ROGERS PARK,65,74,65,53,44,69,68
17031830700,no racial majority,21-31% Poverty,UPTOWN,81,98,87,33,57,80,63
17031830800,white,0-11% Poverty,LINCOLN SQUARE,75,69,77,75,28,85,93
17031830900,white,0-11% Poverty,LOGAN SQUARE,95,94,62,75,59,88,27
17031831000,white,0-11% Poverty,LOGAN SQUARE,95,22,94,90,84,95,49
17031831100,latine,12-20% Poverty,AVONDALE,77,77,38,97,77,68,69
17031831200,latine,12-20% Poverty,HERMOSA,31,58,31,25,57,45,60
17031831300,no racial majority,0-11% Poverty,AUSTIN,35,62,55,40,7,14,75
17031831400,black,21-31% Poverty,AUSTIN,68,64,21,20,20,21,69
17031831500,latine,0-11% Poverty,BELMONT CRAGIN,71,18,87,48,33,58,89
17031831600,latine,0-11% Poverty,MONTCLARE,50,22,27,32,51,46,30
17031831700,latine,12-20% Poverty,PORTAGE PARK,91,97,52,97,78,78,69
17031831800,no racial majority,12-20% Poverty,NORTH PARK,62,48,41,50,61,59,70
17031831900,white,0-11% Poverty,LAKE VIEW,84,18,61,75,46,92,80
17031832000,white,12-20% Poverty,LAKE VIEW,96,18,75,60,88,93,92
17031832100,white,12-20% Poverty,LAKE VIEW,73,18,47,17,78,85,84
17031832200,white,0-11% Poverty,LOGAN SQUARE,85,19,82,89,27,99,92
17031832300,white,0-11% Poverty,LOGAN SQUARE,98,89,85,85,69,97,95
17031832400,white,0-11% Poverty,LOGAN SQUARE,89,29,66,27,80,92,95
17031832500,white,0-11% Poverty,LINCOLN PARK,96,64,72,78,63,98,83
17031832600,white,0-11% Poverty,LINCOLN PARK,97,65,81,76,77,97,96
17031832900,white,21-31% Poverty,NEAR WEST SIDE,50,27,63,58,2,71,86
17031833000,white,12-20% Poverty,NEAR WEST SIDE,100,92,90,76,86,97,84
17031833100,white,0-11% Poverty,NEAR WEST SIDE,96,78,78,78,67,91,88
17031833300,no racial majority,Over 31% Poverty,NEAR WEST SIDE,87,34,63,38,77,77,72
17031833900,black,Over 31% Poverty,SOUTH CHICAGO,25,70,49,14,74,4,25
17031834000,black,21-31% Poverty,ROSELAND,23,40,6,3,86,11,78
17031834200,black,12-20% Poverty,SOUTH SHORE,37,69,74,42,51,40,64
17031834300,black,21-31% Poverty,AVALON PARK,44,87,33,64,88,25,51
17031834400,black,12-20% Poverty,WOODLAWN,28,46,81,40,2,57,53
17031834500,black,21-31% Poverty,WASHINGTON PARK,41,89,93,93,9,47,72
17031834600,black,Over 31% Poverty,ENGLEWOOD,26,31,24,27,79,17,16
17031834700,black,Over 31% Poverty,ENGLEWOOD,71,100,86,96,15,48,19
17031834800,black,Over 31% Poverty,ENGLEWOOD,55,99,95,13,66,32,16
17031834900,black,Over 31% Poverty,WEST ENGLEWOOD,8,46,87,28,45,10,53
17031835000,black,Over 31% Poverty,CHICAGO LAWN,15,83,40,20,14,30,19
17031835100,latine,12-20% Poverty,GAGE PARK,10,28,45,25,11,15,13
17031835200,latine,0-11% Poverty,GARFIELD RIDGE,78,48,36,21,34,39,39
17031835500,black,Over 31% Poverty,FULLER PARK,38,26,22,17,45,19,12
17031835600,black,12-20% Poverty,FULLER PARK,71,88,35,41,63,15,13
17031835700,black,,GRAND BOULEVARD,80,100,73,,,,11
17031835800,black,Over 31% Poverty,GRAND BOULEVARD,64,84,81,10,64,78,82
17031835900,black,Over 31% Poverty,GRAND BOULEVARD,46,80,49,69,72,73,64
17031836000,black,21-31% Poverty,GRAND BOULEVARD,44,61,53,16,36,68,36
17031836100,black,Over 31% Poverty,WASHINGTON PARK,59,96,90,15,79,64,75
17031836200,white,21-31% Poverty,HYDE PARK,91,69,100,1,1,78,11
17031836300,no racial majority,21-31% Poverty,HYDE PARK,37,19,90,4,13,54,65
17031836400,black,Over 31% Poverty,OAKLAND,49,93,61,91,67,78,25
17031836500,black,12-20% Poverty,OAKLAND,21,52,92,6,92,75,11
17031836600,no racial majority,12-20% Poverty,HUMBOLDT PARK,74,94,96,54,64,54,65
17031836700,black,Over 31% Poverty,HUMBOLDT PARK,68,97,56,40,36,37,85
17031836800,black,Over 31% Poverty,EAST GARFIELD PARK,24,83,95,27,22,43,45
17031836900,black,Over 31% Poverty,EAST GARFIELD PARK,43,49,79,99,83,63,78
17031837000,black,Over 31% Poverty,EAST GARFIELD PARK,22,70,76,50,40,51,22
17031837100,black,21-31% Poverty,EAST GARFIELD PARK,76,79,100,56,54,54,17
17031837300,black,Over 31% Poverty,EAST GARFIELD PARK,18,85,54,16,29,27,36
17031837400,black,Over 31% Poverty,EAST GARFIELD PARK,31,67,70,40,7,77,26
17031837800,black,Over 31% Poverty,NEAR WEST SIDE,92,95,79,70,66,81,63
17031838000,black,21-31% Poverty,NEAR WEST SIDE,45,81,44,85,8,71,83
17031838100,black,Over 31% Poverty,NEAR WEST SIDE,57,94,9,5,3,78,49
17031838200,no racial majority,12-20% Poverty,NEAR WEST SIDE,85,94,87,11,31,61,87
17031838300,no racial majority,12-20% Poverty,NEAR NORTH SIDE,97,100,36,23,92,95,99
17031838600,black,Over 31% Poverty,NORTH LAWNDALE,44,99,59,56,60,38,20
17031838700,black,Over 31% Poverty,NORTH LAWNDALE,19,91,67,20,5,40,58
17031838800,black,Over 31% Poverty,SOUTH DEERING,92,79,93,14,58,2,11
17031839000,white,12-20% Poverty,LOOP,74,21,64,76,83,72,47
17031839100,white,12-20% Poverty,LOOP,100,100,99,25,37,79,53
17031839200,black,21-31% Poverty,DOUGLAS,60,26,31,100,26,18,48
17031839500,black,21-31% Poverty,DOUGLAS,47,54,51,93,59,74,18
17031839600,black,21-31% Poverty,DOUGLAS,34,86,49,7,35,64,11
17031839700,no racial majority,12-20% Poverty,BRIDGEPORT,71,84,71,85,82,65,67
17031839800,no racial majority,12-20% Poverty,BRIDGEPORT,25,60,72,43,24,52,59
17031839900,no racial majority,0-11% Poverty,BRIDGEPORT,77,90,88,35,51,74,40
17031840000,no racial majority,12-20% Poverty,BRIDGEPORT,70,19,86,61,91,68,42
17031840100,asian,12-20% Poverty,BRIDGEPORT,19,19,88,37,19,37,63
17031840200,asian,12-20% Poverty,BRIDGEPORT,67,46,79,82,70,42,83
17031840300,latine,12-20% Poverty,MCKINLEY PARK,42,28,66,54,41,42,61
17031840400,no racial majority,12-20% Poverty,MCKINLEY PARK,76,87,68,57,38,30,60
17031840700,latine,21-31% Poverty,SOUTH LAWNDALE,32,41,92,70,14,8,48
17031840800,latine,Over 31% Poverty,SOUTH LAWNDALE,69,19,26,83,96,5,11
17031841000,no racial majority,12-20% Poverty,NEAR SOUTH SIDE,100,100,97,99,71,81,83
17031841100,asian,21-31% Poverty,ARMOUR SQUARE,52,88,82,42,31,27,33
17031841200,latine,12-20% Poverty,LOWER WEST SIDE,24,59,50,82,27,47,76
17031841300,latine,12-20% Poverty,LOWER WEST SIDE,90,88,94,53,77,55,43
17031841400,black,12-20% Poverty,NORTH LAWNDALE,30,26,99,1,13,34,19
17031841500,black,Over 31% Poverty,NORTH LAWNDALE,39,80,99,6,57,22,26
17031841600,black,21-31% Poverty,NORTH LAWNDALE,16,19,46,,,67,53
17031841700,black,Over 31% Poverty,SOUTH LAWNDALE,20,65,46,38,15,5,56
17031841800,black,21-31% Poverty,GREATER GRAND CROSSING,41,65,74,26,69,15,54
17031841900,no racial majority,12-20% Poverty,NEAR WEST SIDE,99,91,66,41,66,83,12
17031842000,no racial majority,12-20% Poverty,DOUGLAS,91,61,83,11,29,51,37
17031842100,latine,21-31% Poverty,HUMBOLDT PARK,39,80,72,52,26,23,23
17031842200,white,0-11% Poverty,NEAR NORTH SIDE,99,87,45,59,50,90,84
17031842300,white,0-11% Poverty,WEST TOWN,98,76,86,76,67,90,85
17031842400,black,21-31% Poverty,CHATHAM,72,77,67,46,53,16,45
17031842500,black,Over 31% Poverty,GREATER GRAND CROSSING,15,97,54,5,7,3,11
17031842600,white,12-20% Poverty,NEW CITY,100,91,96,64,89,42,98
17031842800,latine,Over 31% Poverty,BRIGHTON PARK,61,51,98,64,66,19,11
17031842900,black,Over 31% Poverty,NEAR WEST SIDE,86,90,100,58,53,69,80
17031843000,black,Over 31% Poverty,NORTH LAWNDALE,91,96,99,12,84,41,88
17031843100,black,Over 31% Poverty,NORTH LAWNDALE,11,78,62,30,2,50,40
17031843200,latine,12-20% Poverty,LOWER WEST SIDE,99,96,97,35,73,39,46
17031843300,black,Over 31% Poverty,NORTH LAWNDALE,68,99,50,58,16,5,33
17031843400,black,21-31% Poverty,NORTH LAWNDALE,29,74,34,50,34,5,30
17031843500,black,Over 31% Poverty,SOUTH LAWNDALE,89,92,22,24,35,6,12
17031843600,black,21-31% Poverty,GRAND BOULEVARD,63,77,97,47,83,84,37
17031843700,white,0-11% Poverty,NORTH CENTER,98,95,78,87,68,91,66
17031843800,black,12-20% Poverty,NEW CITY,16,50,29,18,39,20,12
17031843900,black,21-31% Poverty,WOODLAWN,10,42,48,19,5,13,43
17031980000,,,O'HARE,,,,51,4,,
17031980100,,,GARFIELD RIDGE,,,,3,1,,
